{
  "type_cities": {
    "광역": [
      "대구광역시",
      "울산광역시"
    ],
    "대도시": [
      "부천시",
      "수원시",
      "안양시",
      "청주시",
      "평택시",
      "화성시"
    ],
    "중소도시": [
      "거제시",
      "경산시",
      "경주시",
      "광양시",
      "구미시",
      "여수시",
      "원주시",
      "진주시",
      "충주시"
    ],
    "소도시": [
      "계룡시",
      "공주시",
      "과천시",
      "구리시",
      "군포시",
      "남원시",
      "사천시",
      "상주시",
      "의왕시",
      "제천시",
      "통영시"
    ],
    "농어촌": [
      "고령군",
      "산청군",
      "양평군",
      "옥천군",
      "정선군",
      "함안군",
      "해남군",
      "홍천군",
      "횡성군"
    ]
  },
  "axis1": {
    "광역": {
      "avg_svc": 73.5,
      "avg_budget": 308700.0,
      "avg_per_svc": 8575.0
    },
    "대도시": {
      "avg_svc": 46,
      "avg_budget": 54453.75,
      "avg_per_svc": 1918.0024358974358
    },
    "중소도시": {
      "avg_svc": 20.11111111111111,
      "avg_budget": 39706.98888888889,
      "avg_per_svc": 1930.0671297164006
    },
    "소도시": {
      "avg_svc": 18.545454545454547,
      "avg_budget": 45514.22363636363,
      "avg_per_svc": 1976.4047365862396
    },
    "농어촌": {
      "avg_svc": 16.333333333333332,
      "avg_budget": 14858.477777777778,
      "avg_per_svc": 1246.4853956228956
    }
  },
  "axis2": {
    "광역": {
      "avg_hhi": 0.17918199731262796
    },
    "대도시": {
      "avg_hhi": 0.2554030653070765
    },
    "중소도시": {
      "avg_hhi": 0.18687399661214177
    },
    "소도시": {
      "avg_hhi": 0.19693388356060476
    },
    "농어촌": {
      "avg_hhi": 0.3438207944797907
    }
  },
  "axis3": {
    "광역": {
      "avg_ratio": 20.8,
      "total_ai": 17,
      "total_svc": 147
    },
    "대도시": {
      "avg_ratio": 14.85,
      "total_ai": 36,
      "total_svc": 276
    },
    "중소도시": {
      "avg_ratio": 28.5,
      "total_ai": 49,
      "total_svc": 181
    },
    "소도시": {
      "avg_ratio": 24.927272727272726,
      "total_ai": 48,
      "total_svc": 204
    },
    "농어촌": {
      "avg_ratio": 9.244444444444444,
      "total_ai": 19,
      "total_svc": 147
    }
  },
  "axis4": {
    "광역": {
      "avg_comp": 41.7,
      "avg_nostart": 8.333333333333332,
      "delay_top": "기술부족(1건), 협력부재(1건), 유사대체(1건)",
      "n": 1
    },
    "대도시": {
      "avg_comp": 33.45,
      "avg_nostart": 35.38461538461539,
      "delay_top": "정책변경(9건), 유사대체(7건), 예산미확보(3건)",
      "n": 2
    },
    "중소도시": {
      "avg_comp": 26.455555555555556,
      "avg_nostart": 26.65157257071826,
      "delay_top": "정책변경(19건), 예산미확보(11건), 기타(8건)",
      "n": 9
    },
    "소도시": {
      "avg_comp": 40.95454545454545,
      "avg_nostart": 33.83613012166347,
      "delay_top": "정책변경(33건), 예산미확보(19건), 유사대체(15건)",
      "n": 11
    },
    "농어촌": {
      "avg_comp": 40.422222222222224,
      "avg_nostart": 30.70436507936508,
      "delay_top": "수요변경(25건), 정책변경(21건), 예산미확보(11건)",
      "n": 9
    }
  },
  "axis5": {
    "광역": {
      "hw": 3.5,
      "sw": 3.0,
      "human": 1.5,
      "org": 1.0,
      "avg": 2.25,
      "gap": 2.0
    },
    "대도시": {
      "hw": 2.5,
      "sw": 2.6666666666666665,
      "human": 2.0,
      "org": 1.1666666666666667,
      "avg": 2.0833333333333335,
      "gap": 0.9999999999999996
    },
    "중소도시": {
      "hw": 2.5555555555555554,
      "sw": 3.0,
      "human": 1.7777777777777777,
      "org": 1.4444444444444444,
      "avg": 2.2,
      "gap": 1.1666666666666665
    },
    "소도시": {
      "hw": 2.272727272727273,
      "sw": 2.5454545454545454,
      "human": 1.4545454545454546,
      "org": 1.0909090909090908,
      "avg": 1.8545454545454545,
      "gap": 1.1363636363636365
    },
    "농어촌": {
      "hw": 2.4444444444444446,
      "sw": 2.2222222222222223,
      "human": 1.5555555555555556,
      "org": 1.4444444444444444,
      "avg": 1.9222222222222223,
      "gap": 0.8333333333333335
    }
  },
  "axis6": {
    "광역": {
      "avg_infra": 40.5,
      "avg_density": 0.3616071428571429
    },
    "대도시": {
      "avg_infra": 98.16666666666667,
      "avg_density": 1.4078851893995614
    },
    "중소도시": {
      "avg_infra": 40,
      "avg_density": 1.4718433202850547
    },
    "소도시": {
      "avg_infra": 42.18181818181818,
      "avg_density": 3.707559275741094
    },
    "농어촌": {
      "avg_infra": 20.444444444444443,
      "avg_density": 6.00267094017094
    }
  },
  "type_field_shares": {
    "광역": {
      "행정": 29.3,
      "교통": 10.9,
      "보건의료복지": 3.4,
      "환경에너지수자원": 15.0,
      "방범방재": 12.9,
      "시설물관리": 0.0,
      "교육": 0.7,
      "문화관광스포츠": 14.3,
      "물류": 0.0,
      "산업경제": 13.6,
      "주거": 0.0,
      "top3": [
        [
          "행정",
          29.3
        ],
        [
          "환경에너지수자원",
          15.0
        ],
        [
          "문화관광스포츠",
          14.3
        ]
      ]
    },
    "대도시": {
      "행정": 29.0,
      "교통": 19.6,
      "보건의료복지": 10.9,
      "환경에너지수자원": 12.0,
      "방범방재": 10.1,
      "시설물관리": 6.2,
      "교육": 1.8,
      "문화관광스포츠": 4.3,
      "물류": 0.0,
      "산업경제": 4.7,
      "주거": 1.4,
      "top3": [
        [
          "행정",
          29.0
        ],
        [
          "교통",
          19.6
        ],
        [
          "환경에너지수자원",
          12.0
        ]
      ]
    },
    "중소도시": {
      "행정": 11.6,
      "교통": 22.1,
      "보건의료복지": 8.8,
      "환경에너지수자원": 16.0,
      "방범방재": 13.8,
      "시설물관리": 3.3,
      "교육": 2.2,
      "문화관광스포츠": 13.8,
      "물류": 1.1,
      "산업경제": 7.2,
      "주거": 0.0,
      "top3": [
        [
          "교통",
          22.1
        ],
        [
          "환경에너지수자원",
          16.0
        ],
        [
          "방범방재",
          13.8
        ]
      ]
    },
    "소도시": {
      "행정": 12.7,
      "교통": 27.0,
      "보건의료복지": 9.3,
      "환경에너지수자원": 12.3,
      "방범방재": 12.3,
      "시설물관리": 2.9,
      "교육": 2.5,
      "문화관광스포츠": 10.8,
      "물류": 0.5,
      "산업경제": 9.3,
      "주거": 0.5,
      "top3": [
        [
          "교통",
          27.0
        ],
        [
          "행정",
          12.7
        ],
        [
          "환경에너지수자원",
          12.3
        ]
      ]
    },
    "농어촌": {
      "행정": 12.2,
      "교통": 20.4,
      "보건의료복지": 13.6,
      "환경에너지수자원": 10.2,
      "방범방재": 8.8,
      "시설물관리": 5.4,
      "교육": 4.1,
      "문화관광스포츠": 13.6,
      "물류": 0.0,
      "산업경제": 11.6,
      "주거": 0.0,
      "top3": [
        [
          "교통",
          20.4
        ],
        [
          "보건의료복지",
          13.6
        ],
        [
          "문화관광스포츠",
          13.6
        ]
      ]
    }
  },